drug,Frequency
Heroin,65.78852409
Marijuana,43.46622307
Meth,32.41131804
Alcohol,22.86919818
Sedatives,11.6486454
PainReleivers,11.31767103
Tranquilizers,9.016430065
Stimulants,8.693532642
Oxycontin,7.375120408
Crack,6.919307577
Inhalant,6.457334094
Cocaine,6.051173664
Hallucinogen,3.428970161
