Drug,Use
Alcohol,36.54958952
Marijuana,19.21601264
PainReleivers,6.176143174
Hallucinogens,3.738379443
Tranquilizers,2.523676217
Inhalants,2.143970117
Stimulants,1.883753386
Cocaine,1.625059519
Oxycontin,0.946006075
Meth,0.342726377
Sedatives,0.307721041
Heroin,0.242295378
Crack,0.166698136
