,alcohol,marijuana,painReleiver,hallucinogen,tranquilizer,inhalant,stimulant,cocaine,oxycontin,meth,sedative,heroin,crack
Frequency,22.86919818,43.46622307,11.31767103,3.428970161,9.016430065,6.457334094,8.693532642,6.051173664,7.375120408,32.41131804,11.6486454,65.78852409,6.919307577
Use,36.54958952,19.21601264,6.176143174,3.738379443,2.523676217,2.143970117,1.883753386,1.625059519,0.946006075,0.342726377,0.307721041,0.242295378,0.166698136
