ageMidpoint,heroinFreq,marijuanaFreq,methFreq,alcoholFreq,sedativeFreq,painReleiverFreq,tranquilizerFreq,stimulantFreq,oxycontinFreq,crackFreq,inhalantFreq,cocaineFreq,hallucinogenFreq
Adolescence,65.78852409,43.46622307,32.41131804,22.86919818,11.6486454,11.31767103,9.016430065,8.693532642,7.375120408,6.919307577,6.457334094,6.051173664,3.428970161
Early Adulthood,62.05752343,56.33859456,30.4139609,52,18.27529081,15.50347911,9.905030522,9.79183818,20.29097911,8.825963992,2.992234925,5.55780489,2.850613824
Midlife,280,48,104,52,10,12,6,24,12,48,10,15,3
Mature Adulthood,41,50.5114535,30,52,104,13.5630659,9.590758635,24,5,62,13.5,36,36.76809453
