lifePhase,alcoholUse,marijuanaUse,painReleiverUse,hallucinogenUse,tranquilizerUse,inhalantUse,stimulantUse,cocaineUse,oxycontinUse,methUse,sedativeUse,heroinUse,crackUse
Adolescence,36.54958952,19.21601264,6.176143174,3.738379443,2.523676217,2.143970117,1.883753386,1.625059519,0.946006075,0.342726377,0.307721041,0.242295378,0.166698136
Early Adulthood,82.11233668,24.92467919,8.649381708,4.289016566,4.140264816,0.839815679,2.834064396,3.807087028,1.327671489,0.593367942,0.277799813,0.73064629,0.484671022
Midlife,75,10.4,4.2,0.6,1.9,0.3,0.6,1.5,0.3,0.2,0.3,0.1,0.5
Mature Adulthood,60.32208445,4.956129336,1.769941924,0.223151782,0.938910689,0.123151782,0.184727672,0.554183017,0.246303563,0.123151782,0.123151782,0.061575891,0.246303563
